{"cameraMode":{"drawMode":0,"name":"Shaded","section":"Shading Mode"},"sceneLighting":true,"audioPlay":false,"sceneViewState":{"showFog":true,"showMaterialUpdate":false,"showSkybox":true,"showFlares":true,"showImageEffects":true,"showParticleSystems":true},"in2DMode":false,"pivot":{"x":-3.2777175903320314,"y":-0.5468554496765137,"z":6.989119529724121},"rotation":{"x":-0.22922995686531068,"y":0.013721230439841748,"z":-0.0032317673321813347,"w":-0.9732706546783447},"size":10.0,"orthographic":false}